product_name,price,shipping,product_url
Milwaukee M12 Brushed Cordless Battery Operated Screwdriver Kit,$99.00,N/A,https://www.acehardware.com/powered-screwdrivers/2192375
Craftsman 4V MAX Cordless Rechargeable Screwdriver Kit,$44.99,N/A,https://www.acehardware.com/powered-screwdrivers/2000016
Milwaukee Hex Shank 27-in-1 Ratcheting Multi-Bit Screwdriver 10.12 in. 1 pc,N/A,N/A,https://www.acehardware.com/screwdriver-sets/2030481
Craftsman 4V MAX Cordless Powered Screwdriver Kit (Battery & Charger),$32.99,N/A,https://www.acehardware.com/powered-screwdrivers/2032150
Craftsman Ratcheting Screwdriver Set 15 pc,$26.99,N/A,https://www.acehardware.com/screwdrivers/2018454
Milwaukee 3 to 8 in. L Phillips/Slotted Screwdriver Set 10 pc,$42.99,N/A,https://www.acehardware.com/screwdriver-sets/2802643
Craftsman Multi-Bit Screwdriver Set,$34.99,N/A,https://www.acehardware.com/screwdriver-sets/2399087
DeWalt Maxfit Screwdriver Bit Set 30 pc,$13.99,N/A,https://www.acehardware.com/screwdriver-bits/2029735
Milwaukee Assorted 11-in-1 Screwdriver/Nut Driver 10 in. 11 pc,$14.99,N/A,https://www.acehardware.com/screwdriver-sets/2812550
DeWalt Maxfit Screwdriver Bit Set Steel 60 pc,$27.99,N/A,https://www.acehardware.com/screwdriver-bits/2029736
Craftsman Multi-Bit Screwdriver 9 in. 6 pc,$9.99,N/A,https://www.acehardware.com/screwdrivers/2402899
Milwaukee Shockwave Assorted Screwdriver Bit Set Steel 32 pc,$19.99,N/A,https://www.acehardware.com/screwdriver-bits/2421899
Black+Decker 4V Roto-Bit Cordless Rechargeable Screwdriver Kit (Battery & Charger),$31.99,N/A,https://www.acehardware.com/powered-screwdrivers/2611614
Milwaukee Phillips/Slotted Screwdriver Kit 6 pc,$26.99,N/A,https://www.acehardware.com/screwdriver-sets/2802635
DeWalt 12V MAX EXTREME Brushless Cordless Powered Screwdriver Kit,$129.00,N/A,https://www.acehardware.com/powered-screwdrivers/2004137
Milwaukee Torx Screwdriver Set 6 in. 6 pc,N/A,N/A,https://www.acehardware.com/screwdriver-sets/2812535
Milwaukee Shockwave Square 2 in. L Screwdriver Socket Adapter Steel 3 pc,$13.99,N/A,https://www.acehardware.com/screwdriver-bits/2402238
Milwaukee Hex Shank 14-in-1 Ratcheting Multi-Bit Screwdriver 10.12 in. 1 pc,$22.99,N/A,https://www.acehardware.com/screwdriver-sets/2030470
Milwaukee Assorted Screwdriver Set 6.0 in. 6 pc,$27.99,N/A,https://www.acehardware.com/screwdriver-sets/2812485
DeWalt 2 in. L Screwdriving Set Heat-Treated Steel 45 pc,$26.99,N/A,https://www.acehardware.com/screwdriver-bits/2400869
Craftsman Multi-Bit Screwdriver Set 8 in. 8 pc,$22.99,N/A,https://www.acehardware.com/screwdriver-sets/2331171
DeWalt FlexTorq Screwdriver Bit Set Steel 40 pc,$34.99,N/A,https://www.acehardware.com/screwdriver-bits/2401966
Black+Decker 20V MAX 3/8 in. Brushed Cordless Drill/Driver Kit (Battery & Charger),$69.99,N/A,https://www.acehardware.com/cordless-drills/2382125
Craftsman V-Series Screwdriver Set 8 pc,N/A,N/A,https://www.acehardware.com/screwdrivers/2021803
Klein Tools 11-in-1 Screwdriver/Nut Driver 7.25 in. 1 pc,$19.99,N/A,https://www.acehardware.com/screwdriver-sets/2575322
Milwaukee Shockwave Assorted 1 in. L Elbow Screwdriver Bit Set Steel 11 pc,$32.99,N/A,https://www.acehardware.com/screwdriver-bits/2398741
DeWalt Max Fit Assorted Screwdriving Bit Set S2 Tool Steel 35 pc,$22.99,N/A,https://www.acehardware.com/screwdriver-bits/2031939
Craftsman 5/16 in. X 1-3/4 in. L Slotted Screwdriver 1 pc,$9.59,N/A,https://www.acehardware.com/screwdrivers/2298289
Milwaukee Made In USA Cushion Grip Phillips & Slotted Screwdriver Set 6 pc,$54.99,N/A,https://www.acehardware.com/screwdriver-sets/2031857
Craftsman Multi-Bit Screwdriver Set 44 pc,$31.99,N/A,https://www.acehardware.com/screwdriver-sets/2015579
